{
    "Advocate": {
        "precision": 1.0,
        "recall": 0.6,
        "f1-score": 0.75,
        "support": 20.0
    },
    "Arts": {
        "precision": 1.0,
        "recall": 0.8333333333333334,
        "f1-score": 0.9090909090909091,
        "support": 36.0
    },
    "Automation Testing": {
        "precision": 0.96,
        "recall": 0.9230769230769231,
        "f1-score": 0.9411764705882353,
        "support": 26.0
    },
    "Blockchain": {
        "precision": 1.0,
        "recall": 1.0,
        "f1-score": 1.0,
        "support": 40.0
    },
    "Business Analyst": {
        "precision": 0.9333333333333333,
        "recall": 1.0,
        "f1-score": 0.9655172413793104,
        "support": 28.0
    },
    "Civil Engineer": {
        "precision": 1.0,
        "recall": 1.0,
        "f1-score": 1.0,
        "support": 24.0
    },
    "Data Science": {
        "precision": 0.8333333333333334,
        "recall": 1.0,
        "f1-score": 0.9090909090909091,
        "support": 40.0
    },
    "Database": {
        "precision": 1.0,
        "recall": 1.0,
        "f1-score": 1.0,
        "support": 33.0
    },
    "DevOps Engineer": {
        "precision": 1.0,
        "recall": 0.9272727272727272,
        "f1-score": 0.9622641509433962,
        "support": 55.0
    },
    "DotNet Developer": {
        "precision": 0.9655172413793104,
        "recall": 1.0,
        "f1-score": 0.9824561403508771,
        "support": 28.0
    },
    "ETL Developer": {
        "precision": 1.0,
        "recall": 1.0,
        "f1-score": 1.0,
        "support": 40.0
    },
    "Electrical Engineering": {
        "precision": 0.9375,
        "recall": 1.0,
        "f1-score": 0.967741935483871,
        "support": 30.0
    },
    "HR": {
        "precision": 0.9565217391304348,
        "recall": 1.0,
        "f1-score": 0.9777777777777777,
        "support": 44.0
    },
    "Hadoop": {
        "precision": 1.0,
        "recall": 1.0,
        "f1-score": 1.0,
        "support": 42.0
    },
    "Health and fitness": {
        "precision": 1.0,
        "recall": 1.0,
        "f1-score": 1.0,
        "support": 30.0
    },
    "Java Developer": {
        "precision": 0.9032258064516129,
        "recall": 1.0,
        "f1-score": 0.9491525423728814,
        "support": 84.0
    },
    "Mechanical Engineer": {
        "precision": 1.0,
        "recall": 1.0,
        "f1-score": 1.0,
        "support": 40.0
    },
    "Network Security Engineer": {
        "precision": 1.0,
        "recall": 0.8,
        "f1-score": 0.8888888888888888,
        "support": 25.0
    },
    "Operations Manager": {
        "precision": 1.0,
        "recall": 1.0,
        "f1-score": 1.0,
        "support": 40.0
    },
    "PMO": {
        "precision": 0.8333333333333334,
        "recall": 1.0,
        "f1-score": 0.9090909090909091,
        "support": 30.0
    },
    "Python Developer": {
        "precision": 0.8888888888888888,
        "recall": 1.0,
        "f1-score": 0.9411764705882353,
        "support": 48.0
    },
    "SAP Developer": {
        "precision": 1.0,
        "recall": 0.8333333333333334,
        "f1-score": 0.9090909090909091,
        "support": 24.0
    },
    "Sales": {
        "precision": 1.0,
        "recall": 1.0,
        "f1-score": 1.0,
        "support": 40.0
    },
    "Testing": {
        "precision": 1.0,
        "recall": 1.0,
        "f1-score": 1.0,
        "support": 70.0
    },
    "Web Designing": {
        "precision": 0.972972972972973,
        "recall": 0.8,
        "f1-score": 0.8780487804878049,
        "support": 45.0
    },
    "accuracy": 0.9604989604989606,
    "macro avg": {
        "precision": 0.9673850659529286,
        "recall": 0.9486806526806528,
        "f1-score": 0.9536225614089967,
        "support": 962.0
    },
    "weighted avg": {
        "precision": 0.9646512724941918,
        "recall": 0.9604989604989606,
        "f1-score": 0.9592664981142551,
        "support": 962.0
    }
}