{
    "train_f1": 0.9733584101468212,
    "val_f1": 0.9388846389800847,
    "test_f1": 0.9347878599173935,
    "overfit_diff": 0.034473771166736555,
    "usable": "Y",
    "overfit_status": "\uc77c\ubc18\ud654"
}