{
    "LogisticRegression": {
        "accuracy": 0.9948186528497409,
        "precision": 0.9956822107081176,
        "recall": 0.9948186528497409,
        "f1": 0.9949308032209586,
        "train_f1": 1.0,
        "val_f1": 1.0,
        "test_f1": 0.9949308032209586,
        "report": {
            "0": {
                "precision": 1.0,
                "recall": 1.0,
                "f1-score": 1.0,
                "support": 4.0
            },
            "1": {
                "precision": 1.0,
                "recall": 1.0,
                "f1-score": 1.0,
                "support": 7.0
            },
            "2": {
                "precision": 0.8333333333333334,
                "recall": 1.0,
                "f1-score": 0.9090909090909091,
                "support": 5.0
            },
            "3": {
                "precision": 1.0,
                "recall": 1.0,
                "f1-score": 1.0,
                "support": 8.0
            },
            "4": {
                "precision": 1.0,
                "recall": 1.0,
                "f1-score": 1.0,
                "support": 6.0
            },
            "5": {
                "precision": 1.0,
                "recall": 1.0,
                "f1-score": 1.0,
                "support": 5.0
            },
            "6": {
                "precision": 1.0,
                "recall": 1.0,
                "f1-score": 1.0,
                "support": 8.0
            },
            "7": {
                "precision": 1.0,
                "recall": 1.0,
                "f1-score": 1.0,
                "support": 7.0
            },
            "8": {
                "precision": 1.0,
                "recall": 0.9090909090909091,
                "f1-score": 0.9523809523809523,
                "support": 11.0
            },
            "9": {
                "precision": 1.0,
                "recall": 1.0,
                "f1-score": 1.0,
                "support": 5.0
            },
            "10": {
                "precision": 1.0,
                "recall": 1.0,
                "f1-score": 1.0,
                "support": 8.0
            },
            "11": {
                "precision": 1.0,
                "recall": 1.0,
                "f1-score": 1.0,
                "support": 6.0
            },
            "12": {
                "precision": 1.0,
                "recall": 1.0,
                "f1-score": 1.0,
                "support": 9.0
            },
            "13": {
                "precision": 1.0,
                "recall": 1.0,
                "f1-score": 1.0,
                "support": 8.0
            },
            "14": {
                "precision": 1.0,
                "recall": 1.0,
                "f1-score": 1.0,
                "support": 6.0
            },
            "15": {
                "precision": 1.0,
                "recall": 1.0,
                "f1-score": 1.0,
                "support": 17.0
            },
            "16": {
                "precision": 1.0,
                "recall": 1.0,
                "f1-score": 1.0,
                "support": 8.0
            },
            "17": {
                "precision": 1.0,
                "recall": 1.0,
                "f1-score": 1.0,
                "support": 5.0
            },
            "18": {
                "precision": 1.0,
                "recall": 1.0,
                "f1-score": 1.0,
                "support": 8.0
            },
            "19": {
                "precision": 1.0,
                "recall": 1.0,
                "f1-score": 1.0,
                "support": 6.0
            },
            "20": {
                "precision": 1.0,
                "recall": 1.0,
                "f1-score": 1.0,
                "support": 10.0
            },
            "21": {
                "precision": 1.0,
                "recall": 1.0,
                "f1-score": 1.0,
                "support": 5.0
            },
            "22": {
                "precision": 1.0,
                "recall": 1.0,
                "f1-score": 1.0,
                "support": 8.0
            },
            "23": {
                "precision": 1.0,
                "recall": 1.0,
                "f1-score": 1.0,
                "support": 14.0
            },
            "24": {
                "precision": 1.0,
                "recall": 1.0,
                "f1-score": 1.0,
                "support": 9.0
            },
            "accuracy": 0.9948186528497409,
            "macro avg": {
                "precision": 0.9933333333333334,
                "recall": 0.9963636363636365,
                "f1-score": 0.9944588744588745,
                "support": 193.0
            },
            "weighted avg": {
                "precision": 0.9956822107081176,
                "recall": 0.9948186528497409,
                "f1-score": 0.9949308032209586,
                "support": 193.0
            }
        },
        "usable": "N",
        "overfit_status": "\uacfc\ub300\uc801\ud569",
        "params": {
            "C": 10.0
        },
        "model_instance": 